brand,count
KOSE,200
Kao,89
Pigeon,81
CANMAKE,54
Bioré,53
KRACIE,46
Skater,45
Field,44
Cosmetex,41
MANDOM,41
Utena,37
PELICAN,34
SKATER,31
KATE,31
UNILEVER,30
Rohto,29
SOTO,27
LUCIDO,25
Kobayashi,23
KOBAYASHI,20
TOMICA,20
TOKYO,19
Sonic,19
CEZANNE,19
LIHIT,18
Cow,17
NIVEA,17
CHIFURE,16
Thermos,15
P&G,15
Kumano,15
Cotton,15
MEISHOKU,15
Shabon,15
TO-PLAN,14
KONAMI,13
Pantene,13
MIYOSHI,13
SOFT99,12
Kurobara,12
Nihonsakari,12
Rosy,11
THERMOS,11
Reihaku,11
CLUB,11
BCL,11
EPIgas,11
ROHTO,10
OMI,10
Febreze,10
LUX,10
Kose,10
YUZE,10
ORIGINAL,10
Anessa,9
Yamamoto,9
LION,9
Soft99,9
TAMIYA,9
ALLGO,9
KUROBARA,9
STELLASEED,9
Fieldwork,9
Eric,9
Kracie,8
Curel,8
&honey,8
Zebra,8
Smiski,8
Senka,8
MACHERIE,8
Bella,8
Men's,7
KAO,7
WHITE,7
Canmake,7
Deonatulle,7
Unicharm,7
LOGOS,7
INTEGRATE,6
Japan,6
Dreams,6
Uni,6
AGF,6
Pelican,6
MEIKO,6
VICTORINOX,6
Elixir,6
GPP,6
ALLIE,6
PINE,6
Kanebo,5
Hada,5
Dove,5
SMISKI,5
Kate,5
TSUBAKI,5
NAIA,5
H&S,5
ELIXIR,5
KISS,5
Furukawa,5
EPI,5
Soto,5
T-fal/Tefal,5
KAMINOMOTO,4
The,4
PILOT,4
Earth,4
Dariya,4
UNO,4
3Pcs/Set,4
Fine,4
SEGA,4
Nivea,4
Keana,4
UNI,4
Kiss,4
Kokuryudo,4
ATRIX,4
Deve,4
MAMA,4
Mentholatum,4
Maquillage,3
DHC,3
Nihon,3
Lion,3
Merit,3
Tsubaki,3
Eikosha,3
Tomica,3
TOKIO,3
Off&Relax,3
UHA,3
Skin,3
SANA,3
KUMANO,3
KISSME,3
AG,3
YOLU,3
JOIE,3
KAI,3
Excel,3
EXCEL,3
TOHO,3
Cezanne,3
Rosette,3
Logos,3
AQUALABEL,2
MAQuillAGE,2
NIHON,2
KANEBO,2
Off,2
DECORTE,2
Himecoto,2
THE,2
ANESSA,2
Club,2
Marna,2
ONE,2
2Pcs/Set,2
ORIHIRO,2
Hoyu,2
8x4,2
Morinaga,2
Kataoka,2
Itoen,2
COVERMARK,2
【Direct,2
Ma,2
&Honey,2
KONANI,2
Calypso,2
ISHIDA,2
Rossi,2
Premium,2
Tampei,2
Cyclear,2
RIKAGAKU,2
J'S,2
Shinnippai,2
Iwatani,2
Naturie,2
PINEBOOK,2
MAQuilllAGE,1
MAQUillAGE,1
MAQUILLAGE,1
Marielan,1
MAPUTI,1
GENKI,1
Cielo,1
UTENA,1
SYOSS,1
Japanese,1
Kitami,1
Ryukakusan,1
HADA,1
AXE,1
Kowa,1
LuLuLun,1
Acune,1
Bourbon,1
DARIYA,1
Melano,1
Columbus,1
ORBIS,1
TIRTIR,1
Nichiban,1
Kyushu,1
2Pcs/Pack,1
Tiara,1
Sailor,1
【Set,1
Pilot,1
Bitatto,1
ROSY,1
(Shipping,1
Fumakilla,1
5Pcs/Set,1
MILBON,1
【4,1
SENKA,1
V60,1
Macherie,1
John’s,1
SKIN,1
MELANO,1
Kaminomoto,1
ITOEN,1
APAGARD,1
Sunstar,1
Kai,1
Fujiko,1
Yunth,1
Capsule,1
Shiseido,1
White,1
Ora2,1
Majolica,1
IHADA,1
pdc,1
Saborino,1
Duo,1
TKMM-09S,1
ARIMINO,1
Men’s,1
KITPAS,1
CRUX,1
Posca,1
Anime,1
Pokémon,1
Dragon,1
Hanamaru,1
5,1
Eikoh,1
Sanrio,1
Gyokuroen,1
Wakatakeen,1
Privacy,1
【Made,1
[Made,1
CALYPSO,1
Wa-no-mi,1
Chifure,1
COW,1
[Direct,1
CICIBELLA,1
Miyoshi,1
Kuretake,1
Mind,1
ZEBRA,1
Herbal,1
Rosebe,1
FANCL,1
Lacheska,1
Avance,1
Bold,1
TENEI,1
HADABISEI,1
Uno,1
KINCHO,1
Meishoku,1
72Pcs/,1
PONDS,1
Lucido-L,1
LUCIDO-L,1
Kuroyuri,1
Rikagaku,1
Meiko,1
FURUPURU,1
SHINNIPPAI,1
canmake,1
KAWADA,1
utena,1
Sunplay,1
Atrix,1
Lihit,1
Ishizawa,1
A,1
8x4MEN,1
Hair,1
Lenore,1
Engineer,1
Shikioriori,1
Matsumori,1
IPSA,1
Beaura,1
CLEAR,1
Omi,1
Kin,1
Bifesta,1
46,1
Pullover,1
